x,y,frame,nontransparent_pixels,bbox_x,bbox_y,bbox_width,bbox_height
0,0,0,0,-1,-1,0,0
1,0,1,39,1,1,14,14
2,0,2,63,1,1,14,14
3,0,3,64,1,1,14,14
4,0,4,84,1,1,14,14
5,0,5,28,1,1,14,14
6,0,6,38,1,2,14,12
7,0,7,44,1,1,14,14
8,0,8,168,1,0,14,16
9,0,9,164,1,1,15,15
10,0,10,184,1,0,15,16
11,0,11,200,0,0,16,16
12,0,12,110,1,5,14,11
13,0,13,14,14,1,1,14
14,0,14,26,11,0,4,16
15,0,15,27,1,1,14,14
16,0,16,120,1,1,14,14
17,0,17,108,1,1,14,14
18,0,18,97,0,0,16,16
19,0,19,73,0,0,16,10
20,0,20,92,0,0,16,16
21,0,21,60,2,7,12,9
22,0,22,60,0,7,16,9
23,0,23,126,0,0,16,16
24,0,24,84,2,1,12,14
25,0,25,82,2,1,12,14
26,0,26,80,2,1,13,14
27,0,27,81,1,1,14,14
28,0,28,77,1,1,14,14
29,0,29,81,1,1,14,14
30,0,30,72,2,1,12,14
31,0,31,82,1,1,14,14
32,0,32,98,2,1,12,14
33,0,33,86,2,1,12,14
34,0,34,86,2,1,12,14
35,0,35,90,2,1,12,14
36,0,36,74,3,1,10,14
37,0,37,86,2,1,12,14
38,0,38,84,1,1,14,14
39,0,39,72,1,1,14,13
40,0,40,70,1,1,14,13
41,0,41,78,1,1,14,14
42,0,42,78,1,1,14,14
43,0,43,98,1,2,14,13
44,0,44,96,1,3,14,12
45,0,45,89,1,3,14,12
46,0,46,92,3,1,10,14
47,0,47,84,2,1,12,14
48,0,48,37,2,4,11,11
0,1,49,80,3,1,10,14
1,1,50,62,3,1,10,14
2,1,51,72,4,1,8,14
3,1,52,107,1,1,14,14
4,1,53,102,3,1,10,14
5,1,54,110,2,1,12,14
6,1,55,80,3,1,10,14
7,1,56,49,2,2,12,12
8,1,57,162,2,0,13,16
9,1,58,147,2,2,14,14
10,1,59,185,2,0,14,16
11,1,60,222,0,0,16,16
12,1,61,125,1,2,13,14
13,1,62,16,7,1,2,14
14,1,63,19,7,1,8,8
15,1,64,26,1,1,14,8
16,1,65,36,1,1,14,14
17,1,66,32,5,1,6,14
18,1,67,72,0,0,13,16
19,1,68,31,1,2,14,11
20,1,69,63,5,0,11,16
21,1,70,112,2,0,12,16
22,1,71,80,2,0,12,16
23,1,72,186,0,0,16,16
24,1,73,94,2,1,13,14
25,1,74,83,2,1,13,14
26,1,75,73,3,1,10,14
27,1,76,68,2,1,12,14
28,1,77,68,2,1,12,14
29,1,78,66,2,1,12,14
30,1,79,77,2,1,12,14
31,1,80,88,1,1,14,14
32,1,81,78,2,2,12,12
33,1,82,78,1,2,14,12
34,1,83,84,1,2,14,12
35,1,84,76,1,2,14,13
36,1,85,84,1,2,14,12
37,1,86,76,2,2,12,12
38,1,87,70,2,1,12,14
39,1,88,84,1,2,14,12
40,1,89,76,1,2,14,12
41,1,90,86,1,1,14,14
42,1,91,74,1,1,14,14
43,1,92,90,1,3,14,12
44,1,93,79,1,4,14,11
45,1,94,74,1,4,14,11
46,1,95,82,3,1,10,14
47,1,96,105,1,1,14,14
48,1,97,38,2,4,12,11
0,2,98,36,2,3,12,12
1,2,99,70,1,1,14,14
2,2,100,58,2,1,12,14
3,2,101,88,1,1,14,14
4,2,102,114,1,1,14,14
5,2,103,78,1,3,14,11
6,2,104,79,1,1,14,14
7,2,105,40,3,1,10,14
8,2,106,192,0,0,16,16
9,2,107,197,0,0,16,16
10,2,108,200,0,0,16,16
11,2,109,208,0,0,16,16
12,2,110,140,0,4,16,12
13,2,111,36,5,5,6,10
14,2,112,48,5,1,6,14
15,2,113,48,5,5,10,10
16,2,114,72,1,1,14,14
17,2,115,60,5,1,10,14
18,2,116,89,0,0,16,16
19,2,117,65,0,7,16,9
20,2,118,92,0,0,16,16
21,2,119,29,2,7,12,9
22,2,120,111,1,0,14,16
23,2,121,162,0,0,16,16
24,2,122,86,2,1,12,14
25,2,123,88,2,1,12,14
26,2,124,90,2,1,12,14
27,2,125,88,2,1,13,14
28,2,126,78,2,1,13,14
29,2,127,98,2,1,12,14
30,2,128,84,1,1,14,14
31,2,129,79,2,1,13,14
32,2,130,46,1,1,14,14
33,2,131,44,1,1,14,14
34,2,132,57,1,1,14,14
35,2,133,29,1,2,14,13
36,2,134,33,1,1,14,14
37,2,135,108,1,1,14,14
38,2,136,88,1,1,14,14
39,2,137,102,1,1,14,14
40,2,138,72,1,1,14,14
41,2,139,61,2,2,12,12
42,2,140,66,2,3,12,10
43,2,141,78,2,2,12,12
44,2,142,76,2,2,12,12
45,2,143,70,2,2,12,12
46,2,144,80,1,3,14,10
47,2,145,70,2,2,12,12
48,2,146,68,2,0,11,15
0,3,147,54,1,9,14,6
1,3,148,116,1,1,14,14
2,3,149,132,1,1,14,14
3,3,150,150,1,1,14,14
4,3,151,57,1,1,14,14
5,3,152,68,1,1,14,14
6,3,153,52,1,1,14,14
7,3,154,42,1,1,4,14
8,3,155,70,1,1,14,14
9,3,156,12,1,11,4,4
10,3,157,84,1,1,14,14
11,3,158,98,1,1,14,14
12,3,159,54,1,1,14,14
13,3,160,36,6,6,4,9
14,3,161,56,6,1,4,14
15,3,162,52,6,6,9,9
16,3,163,88,1,1,14,14
17,3,164,68,6,1,9,14
18,3,165,19,9,9,7,7
19,3,166,20,0,11,8,5
20,3,167,63,0,0,16,16
21,3,168,63,0,0,16,16
22,3,169,111,0,0,16,16
23,3,170,136,0,0,16,16
24,3,171,80,2,1,12,14
25,3,172,76,2,1,12,14
26,3,173,82,2,1,12,14
27,3,174,82,2,1,12,14
28,3,175,70,2,1,12,14
29,3,176,82,2,1,12,14
30,3,177,54,3,3,10,12
31,3,178,60,2,3,12,12
32,3,179,22,1,1,14,14
33,3,180,24,1,1,14,14
34,3,181,19,1,1,14,14
35,3,182,23,1,1,14,14
36,3,183,21,1,1,14,14
37,3,184,98,2,1,12,14
38,3,185,102,2,1,12,14
39,3,186,102,2,1,12,14
40,3,187,110,1,1,14,14
41,3,188,68,2,2,12,12
42,3,189,34,2,1,12,14
43,3,190,40,2,1,12,14
44,3,191,44,2,2,12,12
45,3,192,68,1,4,14,8
46,3,193,66,1,3,14,10
47,3,194,68,4,2,8,12
48,3,195,57,2,1,12,14
0,4,196,53,1,5,14,10
1,4,197,72,1,1,14,14
2,4,198,66,1,1,14,14
3,4,199,130,1,1,14,14
4,4,200,37,1,1,14,14
5,4,201,86,0,1,16,14
6,4,202,92,1,2,14,13
7,4,203,102,1,4,14,11
8,4,204,166,2,0,13,16
9,4,205,149,2,2,14,14
10,4,206,188,2,0,14,16
11,4,207,208,0,0,16,16
12,4,208,128,1,2,13,14
13,4,209,20,6,6,4,9
14,4,210,28,6,1,4,14
15,4,211,27,6,6,9,9
16,4,212,44,1,1,14,14
17,4,213,36,6,1,9,14
18,4,214,19,10,0,6,7
19,4,215,23,0,0,9,7
20,4,216,63,0,0,16,16
21,4,217,62,0,0,16,16
22,4,218,22,5,5,6,6
23,4,219,25,4,5,8,6
24,4,220,83,2,1,12,14
25,4,221,76,2,1,13,14
26,4,222,72,2,1,12,14
27,4,223,74,2,1,12,14
28,4,224,71,2,1,13,14
29,4,225,74,2,1,12,14
30,4,226,68,2,1,12,14
31,4,227,70,2,1,12,14
32,4,228,22,1,1,14,14
33,4,229,28,1,1,14,14
34,4,230,27,1,1,14,14
35,4,231,25,1,1,14,14
36,4,232,36,1,1,14,14
37,4,233,100,2,1,12,14
38,4,234,104,2,1,11,14
39,4,235,72,3,1,10,14
40,4,236,106,2,1,12,14
41,4,237,58,2,3,12,10
42,4,238,79,1,2,14,12
43,4,239,78,1,3,14,10
44,4,240,58,4,2,8,12
45,4,241,75,3,2,10,12
46,4,242,84,2,2,12,12
47,4,243,78,2,2,12,12
48,4,244,104,2,1,12,14
0,5,245,92,1,1,14,14
1,5,246,87,1,1,14,14
2,5,247,92,1,1,14,14
3,5,248,64,1,1,14,14
4,5,249,88,1,1,14,14
5,5,250,84,1,3,14,12
6,5,251,100,1,1,14,14
7,5,252,82,1,4,14,11
8,5,253,256,0,0,16,16
9,5,254,220,1,0,15,16
10,5,255,184,1,1,15,15
11,5,256,249,0,0,16,16
12,5,257,70,5,0,7,16
13,5,258,55,6,6,10,10
14,5,259,152,1,0,14,15
15,5,260,86,1,1,14,14
16,5,261,98,1,4,14,11
17,5,262,80,1,4,14,11
18,5,263,52,1,1,14,7
19,5,264,96,2,1,12,14
20,5,265,126,2,1,12,14
21,5,266,60,1,9,14,6
22,5,267,66,1,5,14,10
23,5,268,72,1,1,14,14
24,5,269,82,1,1,14,14
25,5,270,94,1,2,14,12
26,5,271,70,1,2,14,12
27,5,272,86,1,2,14,12
28,5,273,99,1,1,14,14
29,5,274,88,1,1,14,14
30,5,275,82,1,1,14,14
31,5,276,38,3,3,10,10
32,5,277,26,1,1,14,14
33,5,278,30,1,1,14,14
34,5,279,26,1,1,14,14
35,5,280,31,1,1,14,14
36,5,281,33,1,1,14,14
37,5,282,48,1,1,14,14
38,5,283,56,1,1,14,14
39,5,284,52,1,1,14,14
40,5,285,15,3,3,10,10
41,5,286,20,3,3,10,10
42,5,287,50,1,1,14,14
43,5,288,36,2,2,12,12
44,5,289,24,2,2,12,12
45,5,290,96,2,2,11,12
46,5,291,92,2,1,11,14
47,5,292,104,2,2,12,12
48,5,293,86,2,1,12,14
0,6,294,80,3,1,10,14
1,6,295,80,3,1,10,14
2,6,296,80,1,1,14,14
3,6,297,80,2,2,12,12
4,6,298,108,1,1,14,14
5,6,299,130,1,1,14,14
6,6,300,74,1,1,14,14
7,6,301,64,1,2,14,12
8,6,302,122,1,2,14,13
9,6,303,116,1,1,14,14
10,6,304,122,1,1,14,14
11,6,305,114,1,1,14,14
12,6,306,108,1,2,14,12
13,6,307,36,2,4,12,10
14,6,308,32,3,2,10,12
15,6,309,68,2,2,12,12
16,6,310,60,2,1,12,13
17,6,311,52,2,2,12,12
18,6,312,123,2,1,12,15
19,6,313,64,3,1,9,15
20,6,314,50,5,1,6,15
21,6,315,61,2,0,14,11
22,6,316,86,0,0,16,10
23,6,317,60,0,0,14,8
24,6,318,66,3,1,10,14
25,6,319,78,2,1,12,14
26,6,320,82,2,1,12,14
27,6,321,88,2,1,12,14
28,6,322,98,1,1,14,14
29,6,323,76,2,1,12,14
30,6,324,116,1,1,14,14
31,6,325,92,1,1,14,14
32,6,326,26,3,3,10,10
33,6,327,29,3,3,10,10
34,6,328,27,3,3,10,10
35,6,329,33,3,3,10,10
36,6,330,34,3,3,10,10
37,6,331,39,1,1,14,14
38,6,332,37,1,1,14,14
39,6,333,35,1,1,14,14
40,6,334,35,1,1,14,14
41,6,335,34,1,1,14,14
42,6,336,46,2,1,12,14
43,6,337,38,2,2,12,12
44,6,338,42,2,2,12,12
45,6,339,34,2,3,12,11
46,6,340,42,2,2,12,12
47,6,341,120,2,2,12,12
48,6,342,87,2,1,12,14
0,7,343,88,3,1,10,14
1,7,344,72,3,1,10,14
2,7,345,100,1,2,14,13
3,7,346,130,1,1,14,14
4,7,347,94,1,3,14,12
5,7,348,128,1,1,14,14
6,7,349,88,1,1,14,14
7,7,350,140,1,1,14,14
8,7,351,118,1,1,14,14
9,7,352,88,1,1,14,10
10,7,353,72,1,1,14,10
11,7,354,112,1,1,14,14
12,7,355,98,3,1,10,14
13,7,356,96,3,1,10,14
14,7,357,66,3,3,10,11
15,7,358,68,3,3,10,11
16,7,359,88,1,1,14,14
17,7,360,74,1,1,14,14
18,7,361,69,2,5,12,11
19,7,362,71,2,4,12,11
20,7,363,71,2,4,12,11
21,7,364,71,1,3,14,11
22,7,365,71,1,5,14,11
23,7,366,60,1,8,14,8
24,7,367,74,1,0,14,16
25,7,368,72,2,2,13,12
26,7,369,72,2,1,12,13
27,7,370,76,1,2,14,12
28,7,371,89,1,1,14,14
29,7,372,92,1,2,14,12
30,7,373,60,2,2,10,12
31,7,374,77,1,2,14,12
32,7,375,45,1,1,14,14
33,7,376,46,1,1,14,14
34,7,377,47,1,1,14,14
35,7,378,41,1,1,14,14
36,7,379,44,1,1,14,14
37,7,380,54,1,1,14,14
38,7,381,48,1,1,14,14
39,7,382,41,1,1,14,14
40,7,383,46,1,2,14,13
41,7,384,57,1,1,14,14
42,7,385,30,1,1,12,14
43,7,386,30,2,3,12,11
44,7,387,28,2,3,12,11
45,7,388,28,2,3,12,10
46,7,389,32,2,3,12,11
47,7,390,98,1,3,14,10
48,7,391,84,2,1,12,14
0,8,392,85,2,1,12,14
1,8,393,46,3,5,10,10
2,8,394,72,1,1,14,14
3,8,395,64,1,1,14,14
4,8,396,56,1,1,14,12
5,8,397,103,1,1,14,14
6,8,398,88,3,1,12,14
7,8,399,87,1,3,12,12
8,8,400,84,2,1,12,14
9,8,401,100,1,1,14,14
10,8,402,65,2,2,12,12
11,8,403,116,1,1,14,14
12,8,404,96,1,1,14,14
13,8,405,72,3,3,10,12
14,8,406,83,1,1,14,12
15,8,407,85,1,1,14,12
16,8,408,40,1,1,14,14
17,8,409,82,2,1,12,14
18,8,410,70,2,3,12,13
19,8,411,72,2,2,12,13
20,8,412,72,2,2,12,13
21,8,413,70,1,1,14,13
22,8,414,80,1,2,14,14
23,8,415,59,1,6,13,10
24,8,416,66,1,0,14,16
25,8,417,96,1,2,14,13
26,8,418,68,1,4,14,8
27,8,419,82,2,3,12,11
28,8,420,109,1,1,14,14
29,8,421,118,1,1,14,14
30,8,422,128,1,1,14,14
31,8,423,85,1,2,14,12
32,8,424,53,1,1,14,14
33,8,425,55,1,1,14,14
34,8,426,56,1,1,14,14
35,8,427,57,1,1,14,14
36,8,428,55,1,1,14,14
37,8,429,49,1,1,14,14
38,8,430,70,1,1,14,14
39,8,431,35,1,1,14,14
40,8,432,33,3,3,12,10
41,8,433,26,3,4,10,9
42,8,434,51,1,1,14,14
43,8,435,32,2,2,12,12
44,8,436,30,2,2,12,12
45,8,437,36,2,2,12,12
46,8,438,34,2,2,12,12
47,8,439,138,2,1,12,14
48,8,440,164,0,0,16,16
0,9,441,148,1,1,14,14
1,9,442,118,1,1,14,14
2,9,443,74,1,1,14,14
3,9,444,136,1,1,14,14
4,9,445,144,1,1,14,14
5,9,446,116,1,1,14,14
6,9,447,74,1,1,14,14
7,9,448,118,1,1,14,14
8,9,449,117,1,1,14,14
9,9,450,40,1,1,14,14
10,9,451,113,1,1,14,14
11,9,452,49,4,2,8,12
12,9,453,52,4,2,8,12
13,9,454,72,3,1,10,14
14,9,455,64,1,3,14,11
15,9,456,66,1,3,14,11
16,9,457,28,1,1,14,14
17,9,458,50,1,1,14,14
18,9,459,64,2,5,12,11
19,9,460,66,2,4,12,11
20,9,461,66,2,4,12,11
21,9,462,66,1,3,14,11
22,9,463,72,1,4,14,12
23,9,464,55,1,8,14,8
24,9,465,92,1,1,14,14
25,9,466,96,1,1,14,14
26,9,467,56,3,1,10,14
27,9,468,86,2,1,12,14
28,9,469,78,2,1,12,14
29,9,470,78,2,1,12,14
30,9,471,73,2,1,12,14
31,9,472,80,3,1,12,14
32,9,473,32,1,1,14,14
33,9,474,40,1,1,14,14
34,9,475,33,1,1,14,14
35,9,476,35,1,1,14,14
36,9,477,32,1,1,14,14
37,9,478,51,2,4,12,8
38,9,479,52,1,4,14,8
39,9,480,44,1,5,14,6
40,9,481,55,1,4,14,8
41,9,482,59,2,3,12,10
42,9,483,51,1,3,14,9
43,9,484,47,1,4,14,8
44,9,485,69,2,2,12,12
45,9,486,58,3,2,12,11
46,9,487,49,4,1,8,13
47,9,488,50,5,2,7,12
48,9,489,196,0,0,16,16
0,10,490,96,2,2,12,12
1,10,491,100,1,1,14,14
2,10,492,90,1,1,14,14
3,10,493,69,1,3,13,11
4,10,494,69,2,3,13,11
5,10,495,126,1,1,14,14
6,10,496,144,1,1,14,14
7,10,497,136,1,1,14,14
8,10,498,74,1,1,14,14
9,10,499,111,1,1,14,14
10,10,500,137,1,1,14,14
11,10,501,51,1,1,14,14
12,10,502,65,3,2,10,12
13,10,503,88,1,3,14,11
14,10,504,55,2,1,12,14
15,10,505,55,4,2,8,13
16,10,506,60,1,1,14,14
17,10,507,58,1,1,14,14
18,10,508,100,1,1,14,14
19,10,509,90,1,1,14,14
20,10,510,90,1,4,14,11
21,10,511,71,4,1,8,14
22,10,512,30,1,1,14,6
23,10,513,118,1,1,14,14
24,10,514,90,1,1,14,14
25,10,515,108,1,1,14,14
26,10,516,86,1,1,14,14
27,10,517,66,1,1,14,14
28,10,518,82,1,1,14,14
29,10,519,84,1,1,14,14
30,10,520,112,1,1,14,14
31,10,521,114,1,1,14,14
32,10,522,65,2,2,12,12
33,10,523,51,2,2,12,12
34,10,524,56,2,2,12,12
35,10,525,64,1,1,10,10
36,10,526,28,1,1,9,12
37,10,527,65,1,1,11,11
38,10,528,42,1,1,7,12
39,10,529,52,3,4,10,8
40,10,530,56,1,2,14,12
41,10,531,71,1,2,14,12
42,10,532,86,1,2,14,12
43,10,533,68,1,1,14,14
44,10,534,82,1,1,14,14
45,10,535,82,1,1,14,14
46,10,536,82,1,1,14,14
47,10,537,82,1,1,14,14
48,10,538,176,0,0,16,16
0,11,539,132,1,1,14,14
1,11,540,75,1,1,14,14
2,11,541,71,1,7,14,8
3,11,542,80,1,1,14,14
4,11,543,78,1,1,14,14
5,11,544,132,1,1,14,14
6,11,545,112,1,1,14,14
7,11,546,108,1,1,14,14
8,11,547,104,1,1,14,14
9,11,548,128,1,1,14,14
10,11,549,86,1,1,14,14
11,11,550,134,1,1,14,14
12,11,551,62,1,1,14,14
13,11,552,92,1,1,14,14
14,11,553,60,2,2,12,12
15,11,554,58,2,2,12,12
16,11,555,63,1,1,14,14
17,11,556,79,1,1,14,14
18,11,557,130,1,1,14,14
19,11,558,160,1,1,14,14
20,11,559,128,1,1,14,14
21,11,560,78,1,1,14,14
22,11,561,72,1,1,14,14
23,11,562,114,1,1,14,14
24,11,563,38,2,2,12,12
25,11,564,40,2,2,12,12
26,11,565,66,1,1,14,14
27,11,566,92,1,1,14,14
28,11,567,50,4,2,8,12
29,11,568,68,2,2,12,12
30,11,569,54,2,2,12,12
31,11,570,54,1,2,14,12
32,11,571,49,1,5,14,7
33,11,572,58,1,4,14,8
34,11,573,44,1,4,14,8
35,11,574,40,1,1,14,14
36,11,575,46,1,2,14,12
37,11,576,80,1,1,14,14
38,11,577,70,3,2,10,12
39,11,578,60,4,3,8,10
40,11,579,52,2,1,12,14
41,11,580,86,2,1,12,14
42,11,581,98,2,1,12,14
43,11,582,84,1,1,14,14
44,11,583,90,1,1,14,14
45,11,584,90,1,1,14,14
46,11,585,90,1,1,14,14
47,11,586,90,1,1,14,14
48,11,587,200,0,0,16,16
0,12,588,98,1,1,14,14
1,12,589,80,1,1,14,14
2,12,590,93,1,1,14,14
3,12,591,56,2,1,12,14
4,12,592,108,1,2,14,12
5,12,593,108,1,1,14,14
6,12,594,121,1,1,14,14
7,12,595,112,1,1,14,14
8,12,596,101,3,1,12,14
9,12,597,68,1,1,14,6
10,12,598,110,1,1,14,14
11,12,599,92,1,1,14,14
12,12,600,18,7,1,2,14
13,12,601,58,3,2,10,12
14,12,602,30,1,1,14,10
15,12,603,86,2,1,12,14
16,12,604,53,1,5,14,10
17,12,605,75,1,1,14,14
18,12,606,77,1,1,14,14
19,12,607,124,1,1,14,14
20,12,608,126,1,1,14,14
21,12,609,116,1,1,14,14
22,12,610,78,1,1,14,14
23,12,611,112,1,1,14,14
24,12,612,102,2,1,12,15
25,12,613,156,0,0,16,16
26,12,614,144,0,0,16,16
27,12,615,58,2,2,12,12
28,12,616,68,1,1,14,14
29,12,617,36,2,2,12,12
30,12,618,36,2,2,12,12
31,12,619,44,2,2,12,12
32,12,620,38,2,2,12,12
33,12,621,78,2,3,12,10
34,12,622,88,2,2,11,12
35,12,623,64,1,1,14,14
36,12,624,20,1,1,14,14
37,12,625,48,1,1,14,14
38,12,626,28,1,1,14,14
39,12,627,56,4,3,8,10
40,12,628,52,3,2,10,12
41,12,629,64,3,2,10,12
42,12,630,76,3,2,10,12
43,12,631,84,1,1,14,14
44,12,632,76,1,1,14,14
45,12,633,76,1,1,14,14
46,12,634,76,1,1,14,14
47,12,635,76,1,1,14,14
48,12,636,172,0,0,16,16
0,13,637,107,1,1,14,14
1,13,638,85,1,1,14,14
2,13,639,83,1,1,14,14
3,13,640,78,1,1,14,14
4,13,641,52,1,1,14,14
5,13,642,92,1,1,14,14
6,13,643,90,1,1,14,14
7,13,644,94,1,1,14,14
8,13,645,72,1,1,14,14
9,13,646,100,1,1,14,14
10,13,647,78,1,1,14,14
11,13,648,84,2,1,12,14
12,13,649,37,5,1,6,13
13,13,650,59,4,2,8,12
14,13,651,56,4,1,8,13
15,13,652,92,1,1,14,14
16,13,653,96,1,1,14,14
17,13,654,64,1,1,14,7
18,13,655,96,1,1,14,14
19,13,656,120,1,1,14,14
20,13,657,114,1,1,14,14
21,13,658,118,1,1,14,14
22,13,659,112,1,1,14,14
23,13,660,99,1,1,14,14
24,13,661,94,2,1,12,15
25,13,662,96,5,0,6,16
26,13,663,52,5,0,6,9
27,13,664,63,5,0,6,15
28,13,665,91,5,5,11,11
29,13,666,120,0,5,16,11
30,13,667,96,5,5,11,11
31,13,668,126,0,5,16,11
32,13,669,60,3,2,10,13
33,13,670,60,3,1,10,14
34,13,671,56,3,3,10,12
35,13,672,22,6,3,4,10
36,13,673,108,2,3,12,11
37,13,674,29,5,3,6,10
38,13,675,107,2,3,12,11
39,13,676,60,2,2,12,12
40,13,677,92,2,2,12,12
41,13,678,44,2,2,12,12
42,13,679,84,2,2,12,12
43,13,680,76,1,1,14,14
44,13,681,80,1,1,14,14
45,13,682,80,1,1,14,14
46,13,683,80,1,1,14,14
47,13,684,80,1,1,14,14
48,13,685,192,0,0,16,16
0,14,686,78,1,2,14,12
1,14,687,52,1,2,14,12
2,14,688,98,1,1,14,14
3,14,689,100,1,1,14,14
4,14,690,84,2,3,12,12
5,14,691,90,1,2,14,12
6,14,692,99,1,1,14,14
7,14,693,70,1,6,14,9
8,14,694,106,2,1,12,14
9,14,695,97,2,1,12,14
10,14,696,102,2,1,12,14
11,14,697,33,1,2,14,12
12,14,698,114,1,1,14,14
13,14,699,140,1,1,14,14
14,14,700,96,2,1,12,14
15,14,701,76,3,2,10,12
16,14,702,62,1,1,7,14
17,14,703,106,1,1,14,14
18,14,704,62,8,1,7,14
19,14,705,52,1,1,14,14
20,14,706,44,1,1,14,14
21,14,707,52,1,1,14,14
22,14,708,60,1,1,14,14
23,14,709,48,1,1,14,14
24,14,710,40,1,1,14,14
25,14,711,24,2,2,12,12
26,14,712,48,1,1,14,14
27,14,713,52,1,1,14,14
28,14,714,24,2,2,12,12
29,14,715,40,1,1,14,14
30,14,716,44,1,1,14,14
31,14,717,36,1,1,14,14
32,14,718,38,3,2,10,13
33,14,719,38,3,1,10,14
34,14,720,34,3,3,10,12
35,14,721,128,1,1,14,14
36,14,722,126,1,1,14,14
37,14,723,112,1,1,14,14
38,14,724,128,1,1,14,14
39,14,725,52,1,1,14,14
40,14,726,88,1,1,14,14
41,14,727,76,1,1,14,14
42,14,728,56,1,1,14,14
43,14,729,60,1,1,14,14
44,14,730,64,1,1,14,14
45,14,731,68,1,1,14,14
46,14,732,72,1,1,14,14
47,14,733,76,1,1,14,14
48,14,734,164,0,0,16,16
0,15,735,55,1,1,14,14
1,15,736,75,1,3,14,10
2,15,737,88,1,1,14,14
3,15,738,30,5,1,6,14
4,15,739,28,5,1,6,14
5,15,740,38,4,1,8,14
6,15,741,66,1,1,14,14
7,15,742,105,1,1,14,14
8,15,743,76,1,1,14,14
9,15,744,88,1,1,14,14
10,15,745,126,1,1,14,14
11,15,746,142,1,1,14,14
12,15,747,126,1,1,14,14
13,15,748,100,1,1,14,14
14,15,749,134,2,1,12,14
15,15,750,90,3,2,10,12
16,15,751,92,1,1,14,14
17,15,752,58,1,8,15,7
18,15,753,92,1,1,14,14
19,15,754,53,2,5,14,5
20,15,755,64,0,5,16,5
21,15,756,66,0,2,16,12
22,15,757,68,0,4,16,8
23,15,758,49,1,4,14,7
24,15,759,42,1,4,14,7
25,15,760,138,1,1,14,14
26,15,761,94,1,1,14,14
27,15,762,156,1,1,14,14
28,15,763,60,3,1,10,14
29,15,764,69,3,1,10,14
30,15,765,69,3,1,10,14
31,15,766,77,1,1,14,11
32,15,767,119,2,2,12,12
33,15,768,127,1,1,14,14
34,15,769,123,1,1,14,14
35,15,770,90,2,2,12,12
36,15,771,78,2,2,12,12
37,15,772,94,2,2,12,12
38,15,773,76,2,2,12,12
39,15,774,152,1,1,14,14
40,15,775,116,1,1,14,14
41,15,776,128,1,1,14,14
42,15,777,148,1,1,14,14
43,15,778,144,1,1,14,14
44,15,779,140,1,1,14,14
45,15,780,136,1,1,14,14
46,15,781,132,1,1,14,14
47,15,782,128,1,1,14,14
48,15,783,100,0,0,16,16
0,16,784,43,1,1,14,14
1,16,785,42,1,1,14,14
2,16,786,77,1,1,14,14
3,16,787,123,1,1,14,14
4,16,788,103,1,1,14,14
5,16,789,82,1,1,14,14
6,16,790,129,1,1,14,14
7,16,791,72,1,1,14,14
8,16,792,56,1,1,14,14
9,16,793,80,1,1,14,14
10,16,794,82,1,1,14,14
11,16,795,80,1,1,14,14
12,16,796,82,1,1,14,14
13,16,797,128,1,1,14,14
14,16,798,110,1,1,14,14
15,16,799,110,1,1,14,14
16,16,800,77,1,1,14,14
17,16,801,59,1,1,14,13
18,16,802,78,1,1,14,14
19,16,803,68,2,1,12,14
20,16,804,69,2,1,12,14
21,16,805,68,2,1,12,14
22,16,806,68,2,1,12,14
23,16,807,66,2,1,12,14
24,16,808,68,2,1,12,14
25,16,809,69,2,1,12,14
26,16,810,64,2,1,12,14
27,16,811,70,2,1,12,14
28,16,812,67,2,1,12,14
29,16,813,71,2,1,12,14
30,16,814,65,2,1,12,14
31,16,815,70,2,1,12,14
32,16,816,67,2,1,12,14
33,16,817,74,1,3,14,10
34,16,818,78,1,2,14,11
35,16,819,62,4,1,8,14
36,16,820,48,4,2,8,12
37,16,821,48,2,3,8,10
38,16,822,60,2,3,12,10
39,16,823,73,2,2,12,12
40,16,824,104,1,2,14,12
41,16,825,90,2,2,12,12
42,16,826,98,2,2,12,12
43,16,827,76,4,2,8,12
44,16,828,120,1,2,14,12
45,16,829,96,2,2,12,12
46,16,830,108,1,1,14,14
47,16,831,108,1,1,14,14
48,16,832,132,0,0,16,16
0,17,833,42,1,1,14,14
1,17,834,98,1,1,14,14
2,17,835,105,1,1,14,14
3,17,836,78,1,1,14,14
4,17,837,58,1,1,14,14
5,17,838,74,1,1,14,14
6,17,839,111,1,1,14,14
7,17,840,88,1,1,14,14
8,17,841,127,1,1,14,14
9,17,842,56,1,1,14,14
10,17,843,120,1,1,14,14
11,17,844,104,1,1,14,14
12,17,845,100,1,1,14,14
13,17,846,68,1,1,14,14
14,17,847,108,1,1,14,14
15,17,848,98,1,1,14,14
16,17,849,35,1,1,14,14
17,17,850,124,1,1,14,14
18,17,851,35,2,1,13,14
19,17,852,84,2,1,12,14
20,17,853,69,2,1,12,14
21,17,854,68,2,1,12,14
22,17,855,68,2,1,12,14
23,17,856,66,2,1,12,14
24,17,857,68,2,1,12,14
25,17,858,69,2,1,12,14
26,17,859,64,2,1,12,14
27,17,860,70,2,1,12,14
28,17,861,67,2,1,12,14
29,17,862,71,2,1,12,14
30,17,863,65,2,1,12,14
31,17,864,70,2,1,12,14
32,17,865,67,2,1,12,14
33,17,866,58,2,2,12,12
34,17,867,90,3,2,10,12
35,17,868,52,4,3,8,10
36,17,869,23,5,3,4,10
37,17,870,54,4,3,8,10
38,17,871,50,4,3,8,10
39,17,872,39,4,3,8,10
40,17,873,54,4,3,8,10
41,17,874,57,4,3,8,10
42,17,875,35,4,3,8,10
43,17,876,56,4,3,8,10
44,17,877,57,4,3,8,10
45,17,878,8,7,4,2,8
46,17,879,4,7,11,2,2
47,17,880,52,3,3,10,10
48,17,881,112,0,0,16,16
0,18,882,115,1,1,14,14
1,18,883,168,1,1,14,14
2,18,884,149,1,1,14,14
3,18,885,124,1,1,14,14
4,18,886,122,1,1,14,14
5,18,887,70,1,1,14,14
6,18,888,93,1,1,14,14
7,18,889,154,1,1,14,14
8,18,890,130,1,1,14,14
9,18,891,64,1,1,14,14
10,18,892,114,1,1,14,14
11,18,893,106,1,1,14,14
12,18,894,124,1,1,14,14
13,18,895,102,1,1,14,14
14,18,896,66,3,1,10,14
15,18,897,44,4,1,8,14
16,18,898,80,1,1,14,14
17,18,899,59,1,1,14,14
18,18,900,80,1,1,14,14
19,18,901,124,2,1,12,14
20,18,902,70,2,1,12,14
21,18,903,69,2,1,12,14
22,18,904,69,2,1,12,14
23,18,905,67,2,1,12,14
24,18,906,69,2,1,12,14
25,18,907,70,2,1,12,14
26,18,908,65,2,1,12,14
27,18,909,71,2,1,12,14
28,18,910,68,2,1,12,14
29,18,911,72,2,1,12,14
30,18,912,66,2,1,12,14
31,18,913,71,2,1,12,14
32,18,914,68,2,1,12,14
33,18,915,78,3,2,10,12
34,18,916,95,3,1,10,14
35,18,917,50,4,3,8,10
36,18,918,58,4,3,8,10
37,18,919,44,4,3,8,10
38,18,920,54,4,3,8,10
39,18,921,54,4,3,8,10
40,18,922,42,4,3,8,10
41,18,923,54,4,3,8,10
42,18,924,44,4,3,8,10
43,18,925,28,6,3,4,10
44,18,926,36,4,3,8,10
45,18,927,48,4,3,8,10
46,18,928,32,4,3,8,10
47,18,929,58,3,3,10,10
48,18,930,100,0,0,16,16
0,19,931,94,1,1,14,14
1,19,932,110,1,1,14,14
2,19,933,84,3,1,10,14
3,19,934,102,2,1,12,14
4,19,935,104,2,1,12,14
5,19,936,86,1,1,14,14
6,19,937,100,1,1,14,14
7,19,938,102,1,2,14,12
8,19,939,96,2,2,12,12
9,19,940,68,3,1,10,14
10,19,941,68,3,1,10,14
11,19,942,71,1,3,14,10
12,19,943,74,1,6,15,9
13,19,944,97,0,2,15,13
14,19,945,74,1,3,14,11
15,19,946,80,1,3,14,10
16,19,947,62,1,1,14,14
17,19,948,56,1,1,14,6
18,19,949,62,1,1,14,14
19,19,950,86,2,1,12,14
20,19,951,71,2,1,12,14
21,19,952,70,2,1,12,14
22,19,953,70,2,1,12,14
23,19,954,68,2,1,12,14
24,19,955,70,2,1,12,14
25,19,956,71,2,1,12,14
26,19,957,66,2,1,12,14
27,19,958,72,2,1,12,14
28,19,959,69,2,1,12,14
29,19,960,73,2,1,12,14
30,19,961,67,2,1,12,14
31,19,962,72,2,1,12,14
32,19,963,69,2,1,12,14
33,19,964,54,4,1,8,14
34,19,965,99,1,2,14,11
35,19,966,47,4,3,8,10
36,19,967,52,4,3,8,10
37,19,968,44,4,3,8,10
38,19,969,54,4,3,8,10
39,19,970,57,4,3,8,10
40,19,971,54,4,3,8,10
41,19,972,30,4,3,8,10
42,19,973,46,4,3,8,10
43,19,974,42,4,3,8,10
44,19,975,58,3,3,10,10
45,19,976,48,4,3,8,10
46,19,977,34,4,3,8,10
47,19,978,50,4,3,8,10
48,19,979,108,0,0,16,16
0,20,980,111,1,1,14,14
1,20,981,101,1,1,14,14
2,20,982,76,1,1,14,14
3,20,983,92,1,1,14,14
4,20,984,92,1,1,14,14
5,20,985,106,1,1,14,14
6,20,986,94,1,1,14,14
7,20,987,80,1,1,14,14
8,20,988,96,1,1,14,14
9,20,989,94,2,1,12,14
10,20,990,92,2,1,12,14
11,20,991,100,1,1,14,14
12,20,992,108,1,1,15,14
13,20,993,107,0,1,15,14
14,20,994,72,1,3,14,10
15,20,995,72,4,1,8,14
16,20,996,28,1,1,4,14
17,20,997,102,1,1,14,14
18,20,998,28,11,1,4,14
19,20,999,37,4,3,8,10
20,20,1000,37,3,4,10,8
21,20,1001,37,4,3,8,10
22,20,1002,37,3,4,10,8
23,20,1003,48,2,4,12,8
24,20,1004,48,4,2,8,12
25,20,1005,48,2,4,12,8
26,20,1006,48,4,2,8,12
27,20,1007,20,5,5,6,6
28,20,1008,32,3,2,10,12
29,20,1009,32,2,3,12,10
30,20,1010,32,3,2,10,12
31,20,1011,32,2,3,12,10
32,20,1012,62,2,2,10,12
33,20,1013,48,2,2,12,12
34,20,1014,51,2,2,12,12
35,20,1015,64,3,3,10,10
36,20,1016,36,3,3,10,10
37,20,1017,20,3,7,10,2
38,20,1018,52,3,3,10,10
39,20,1019,28,3,3,10,10
40,20,1020,40,3,5,10,6
41,20,1021,69,3,3,10,10
42,20,1022,28,4,4,8,10
43,20,1023,62,4,2,8,12
44,20,1024,29,4,3,8,11
45,20,1025,30,4,2,8,12
46,20,1026,34,4,2,8,12
47,20,1027,55,4,2,8,12
48,20,1028,128,0,0,16,16
0,21,1029,88,1,1,14,14
1,21,1030,87,1,1,14,14
2,21,1031,96,1,1,14,14
3,21,1032,90,2,1,12,14
4,21,1033,104,2,1,12,14
5,21,1034,102,2,1,12,14
6,21,1035,104,2,1,12,14
7,21,1036,106,2,1,12,14
8,21,1037,69,2,2,12,13
9,21,1038,74,3,2,10,12
10,21,1039,74,2,4,12,10
11,21,1040,84,2,2,12,12
12,21,1041,98,1,1,14,14
13,21,1042,92,1,1,14,14
14,21,1043,89,1,2,14,12
15,21,1044,74,2,1,12,14
16,21,1045,66,1,1,14,14
17,21,1046,56,1,9,14,6
18,21,1047,66,1,1,14,14
19,21,1048,76,1,1,14,14
20,21,1049,56,1,4,14,8
21,21,1050,48,5,1,6,14
22,21,1051,48,1,5,14,6
23,21,1052,50,2,3,12,9
24,21,1053,50,4,2,9,12
25,21,1054,50,2,4,12,9
26,21,1055,50,3,2,9,12
27,21,1056,40,4,4,8,8
28,21,1057,86,2,1,12,14
29,21,1058,86,1,2,14,12
30,21,1059,86,2,1,12,14
31,21,1060,86,1,2,14,12
32,21,1061,43,2,2,12,12
33,21,1062,77,1,2,13,13
34,21,1063,58,2,2,12,12
35,21,1064,80,1,1,14,14
36,21,1065,124,1,1,14,14
37,21,1066,108,1,1,14,14
38,21,1067,80,1,1,14,14
39,21,1068,136,1,1,14,14
40,21,1069,106,1,1,14,14
41,21,1070,68,3,3,10,10
42,21,1071,80,2,2,12,14
43,21,1072,118,2,0,12,16
44,21,1073,81,2,1,12,15
45,21,1074,86,2,0,12,16
46,21,1075,88,2,0,12,16
47,21,1076,109,2,0,12,16
48,21,1077,100,0,0,16,16
